insert into management_vehicle values ('DYB', 10);
insert into management_vehicle values ('BWW', 600);
insert into management_vehicle values ('Redmi', 300);
insert into management_vehicle values ('Santama', 100);
insert into management_vehicle values ('RollsRice', 1000);
insert into management_vehicle values ('Conda', 400);
insert into management_repository values ('s6876', False);
insert into management_repository values ('s8765', False);
insert into management_repository values ('g8975', False);
insert into management_repository values ('v9876', False);
insert into management_repository values ('b8875', False);
insert into management_repository values ('c6585', False);
insert into management_repository values ('d8886', False);
insert into management_repository values ('c4563', False);
insert into management_repository values ('f3523', False);
insert into management_repository values ('e4675', False);
insert into management_repository values ('b8563', False);
insert into management_repository values ('f3464', False);
insert into management_repository values ('k8757', False);
insert into management_repository values ('u8675', False);
insert into management_repository values ('j8754', False);
insert into management_repository values ('m7896', False);
insert into management_repository values ('b4567', False);
insert into management_repository values ('n6578', False);
insert into management_repository values ('l9865', False);
insert into management_repository values ('y3425', False);
insert into management_repository values ('x5432', False);
insert into management_repository values ('a1964', False);
insert into management_repository values ('c6435', False);
insert into management_info("Car_ID_id","Model_id") values ('s6876', 'DYB');
insert into management_info("Car_ID_id","Model_id") values ('s8765', 'DYB');
insert into management_info("Car_ID_id","Model_id") values ('g8975', 'DYB');
insert into management_info("Car_ID_id","Model_id") values ('v9876', 'DYB');
insert into management_info("Car_ID_id","Model_id") values ('b8875', 'BWW');
insert into management_info("Car_ID_id","Model_id") values ('c6585', 'BWW');
insert into management_info("Car_ID_id","Model_id") values ('d8886', 'BWW');
insert into management_info("Car_ID_id","Model_id") values ('c4563', 'Redmi');
insert into management_info("Car_ID_id","Model_id") values ('f3523', 'Redmi');
insert into management_info("Car_ID_id","Model_id") values ('e4675', 'Redmi');
insert into management_info("Car_ID_id","Model_id") values ('b8563', 'Redmi');
insert into management_info("Car_ID_id","Model_id") values ('f3464', 'Santama');
insert into management_info("Car_ID_id","Model_id") values ('k8757', 'Santama');
insert into management_info("Car_ID_id","Model_id") values ('u8675', 'Santama');
insert into management_info("Car_ID_id","Model_id") values ('j8754', 'Santama');
insert into management_info("Car_ID_id","Model_id") values ('m7896', 'Santama');
insert into management_info("Car_ID_id","Model_id") values ('b4567', 'Santama');
insert into management_info("Car_ID_id","Model_id") values ('n6578', 'RollsRice');
insert into management_info("Car_ID_id","Model_id") values ('l9865', 'RollsRice');
insert into management_info("Car_ID_id","Model_id") values ('y3425', 'Conda');
insert into management_info("Car_ID_id","Model_id") values ('x5432', 'Conda');
insert into management_info("Car_ID_id","Model_id") values ('a1964', 'Conda');
insert into management_info("Car_ID_id","Model_id") values ('c6435', 'Conda');